PRAGMA foreign_keys=OFF;
BEGIN TRANSACTION;
CREATE TABLE IF NOT EXISTS "django_migrations" ("id" integer NOT NULL PRIMARY KEY AUTOINCREMENT, "app" varchar(255) NOT NULL, "name" varchar(255) NOT NULL, "applied" datetime NOT NULL);
INSERT INTO django_migrations VALUES(1,'contenttypes','0001_initial','2024-06-10 00:39:51.612313');
INSERT INTO django_migrations VALUES(2,'auth','0001_initial','2024-06-10 00:39:51.617159');
INSERT INTO django_migrations VALUES(3,'admin','0001_initial','2024-06-10 00:39:51.620198');
INSERT INTO django_migrations VALUES(4,'admin','0002_logentry_remove_auto_add','2024-06-10 00:39:51.624723');
INSERT INTO django_migrations VALUES(5,'admin','0003_logentry_add_action_flag_choices','2024-06-10 00:39:51.626966');
INSERT INTO django_migrations VALUES(6,'contenttypes','0002_remove_content_type_name','2024-06-10 00:39:51.632599');
INSERT INTO django_migrations VALUES(7,'auth','0002_alter_permission_name_max_length','2024-06-10 00:39:51.635685');
INSERT INTO django_migrations VALUES(8,'auth','0003_alter_user_email_max_length','2024-06-10 00:39:51.638748');
INSERT INTO django_migrations VALUES(9,'auth','0004_alter_user_username_opts','2024-06-10 00:39:51.641102');
INSERT INTO django_migrations VALUES(10,'auth','0005_alter_user_last_login_null','2024-06-10 00:39:51.644703');
INSERT INTO django_migrations VALUES(11,'auth','0006_require_contenttypes_0002','2024-06-10 00:39:51.645186');
INSERT INTO django_migrations VALUES(12,'auth','0007_alter_validators_add_error_messages','2024-06-10 00:39:51.648085');
INSERT INTO django_migrations VALUES(13,'auth','0008_alter_user_username_max_length','2024-06-10 00:39:51.651325');
INSERT INTO django_migrations VALUES(14,'auth','0009_alter_user_last_name_max_length','2024-06-10 00:39:51.654505');
INSERT INTO django_migrations VALUES(15,'auth','0010_alter_group_name_max_length','2024-06-10 00:39:51.657327');
INSERT INTO django_migrations VALUES(16,'auth','0011_update_proxy_permissions','2024-06-10 00:39:51.659483');
INSERT INTO django_migrations VALUES(17,'auth','0012_alter_user_first_name_max_length','2024-06-10 00:39:51.662597');
INSERT INTO django_migrations VALUES(18,'posts','0001_initial','2024-06-10 00:39:51.665473');
INSERT INTO django_migrations VALUES(19,'posts','0002_remove_post_author','2024-06-10 00:39:51.668638');
INSERT INTO django_migrations VALUES(20,'schedule','0001_initial','2024-06-10 00:39:51.677163');
INSERT INTO django_migrations VALUES(21,'schedule','0002_classes_image','2024-06-10 00:39:51.680385');
INSERT INTO django_migrations VALUES(22,'sessions','0001_initial','2024-06-10 00:39:51.681729');
INSERT INTO django_migrations VALUES(23,'schedule','0003_instructor_user_image','2024-06-10 04:08:21.251604');
CREATE TABLE IF NOT EXISTS "auth_group_permissions" ("id" integer NOT NULL PRIMARY KEY AUTOINCREMENT, "group_id" integer NOT NULL REFERENCES "auth_group" ("id") DEFERRABLE INITIALLY DEFERRED, "permission_id" integer NOT NULL REFERENCES "auth_permission" ("id") DEFERRABLE INITIALLY DEFERRED);
CREATE TABLE IF NOT EXISTS "auth_user_groups" ("id" integer NOT NULL PRIMARY KEY AUTOINCREMENT, "user_id" integer NOT NULL REFERENCES "auth_user" ("id") DEFERRABLE INITIALLY DEFERRED, "group_id" integer NOT NULL REFERENCES "auth_group" ("id") DEFERRABLE INITIALLY DEFERRED);
CREATE TABLE IF NOT EXISTS "auth_user_user_permissions" ("id" integer NOT NULL PRIMARY KEY AUTOINCREMENT, "user_id" integer NOT NULL REFERENCES "auth_user" ("id") DEFERRABLE INITIALLY DEFERRED, "permission_id" integer NOT NULL REFERENCES "auth_permission" ("id") DEFERRABLE INITIALLY DEFERRED);
CREATE TABLE IF NOT EXISTS "django_admin_log" ("id" integer NOT NULL PRIMARY KEY AUTOINCREMENT, "object_id" text NULL, "object_repr" varchar(200) NOT NULL, "action_flag" smallint unsigned NOT NULL CHECK ("action_flag" >= 0), "change_message" text NOT NULL, "content_type_id" integer NULL REFERENCES "django_content_type" ("id") DEFERRABLE INITIALLY DEFERRED, "user_id" integer NOT NULL REFERENCES "auth_user" ("id") DEFERRABLE INITIALLY DEFERRED, "action_time" datetime NOT NULL);
INSERT INTO django_admin_log VALUES(1,'2','mike',1,'[{"added": {}}]',4,1,'2024-06-10 00:40:39.797411');
INSERT INTO django_admin_log VALUES(2,'3','felix',1,'[{"added": {}}]',4,1,'2024-06-10 00:40:55.814984');
INSERT INTO django_admin_log VALUES(3,'3','felix',2,'[]',4,1,'2024-06-10 00:41:00.578884');
INSERT INTO django_admin_log VALUES(4,'4','steven',1,'[{"added": {}}]',4,1,'2024-06-10 00:41:21.444714');
INSERT INTO django_admin_log VALUES(5,'4','steven',2,'[]',4,1,'2024-06-10 00:41:23.874796');
INSERT INTO django_admin_log VALUES(6,'1','admin',1,'[{"added": {}}]',8,1,'2024-06-10 00:41:36.646680');
INSERT INTO django_admin_log VALUES(7,'2','felix',1,'[{"added": {}}]',8,1,'2024-06-10 00:41:47.814672');
INSERT INTO django_admin_log VALUES(8,'3','mike',1,'[{"added": {}}]',8,1,'2024-06-10 00:41:53.917286');
INSERT INTO django_admin_log VALUES(9,'4','steven',1,'[{"added": {}}]',8,1,'2024-06-10 00:42:02.382698');
INSERT INTO django_admin_log VALUES(10,'1','Running',1,'[{"added": {}}]',9,1,'2024-06-10 00:42:47.674071');
INSERT INTO django_admin_log VALUES(11,'2','Jumping',1,'[{"added": {}}]',9,1,'2024-06-10 00:43:12.838248');
INSERT INTO django_admin_log VALUES(12,'3','Lifting',1,'[{"added": {}}]',9,1,'2024-06-10 00:43:35.843109');
INSERT INTO django_admin_log VALUES(13,'4','Yoga',1,'[{"added": {}}]',9,1,'2024-06-10 00:44:04.331084');
INSERT INTO django_admin_log VALUES(14,'1','Running on 2024-06-02 from 00:44:17 to 18:00:00',1,'[{"added": {}}]',10,1,'2024-06-10 00:44:25.954323');
INSERT INTO django_admin_log VALUES(15,'2','Jumping on 2024-06-11 from 00:44:36 to 00:30:00',1,'[{"added": {}}]',10,1,'2024-06-10 00:44:49.633049');
INSERT INTO django_admin_log VALUES(16,'3','Lifting on 2024-06-12 from 23:41:33 to 13:40:00',1,'[{"added": {}}]',10,1,'2024-06-10 00:45:05.627010');
INSERT INTO django_admin_log VALUES(17,'4','Yoga on 2024-06-13 from 20:00:33 to 11:00:00',1,'[{"added": {}}]',10,1,'2024-06-10 00:45:20.452316');
INSERT INTO django_admin_log VALUES(18,'5','Jumping on 2024-06-14 from 00:44:17 to 18:00:00',1,'[{"added": {}}]',10,1,'2024-06-10 00:45:34.226118');
INSERT INTO django_admin_log VALUES(19,'6','Lifting on 2024-06-22 from 00:41:33 to 00:30:00',1,'[{"added": {}}]',10,1,'2024-06-10 00:45:56.406164');
INSERT INTO django_admin_log VALUES(20,'7','Yoga on 2024-06-23 from 00:44:17 to 18:00:00',1,'[{"added": {}}]',10,1,'2024-06-10 00:46:07.122328');
INSERT INTO django_admin_log VALUES(21,'8','Running on 2024-06-03 from 00:44:17 to 00:30:00',1,'[{"added": {}}]',10,1,'2024-06-10 00:46:35.821735');
INSERT INTO django_admin_log VALUES(22,'9','Jumping on 2024-06-10 from 00:44:17 to 13:40:00',1,'[{"added": {}}]',10,1,'2024-06-10 00:47:12.971097');
INSERT INTO django_admin_log VALUES(23,'10','Lifting on 2024-06-11 from 00:44:17 to 13:40:00',1,'[{"added": {}}]',10,1,'2024-06-10 00:47:28.456441');
INSERT INTO django_admin_log VALUES(24,'11','Yoga on 2024-06-12 from 23:41:33 to 00:30:00',1,'[{"added": {}}]',10,1,'2024-06-10 00:47:48.955958');
INSERT INTO django_admin_log VALUES(25,'12','Running on 2024-06-06 from 00:41:33 to 11:00:00',1,'[{"added": {}}]',10,1,'2024-06-10 00:48:05.304771');
INSERT INTO django_admin_log VALUES(26,'13','Lifting on 2024-06-14 from 23:41:33 to 13:40:00',1,'[{"added": {}}]',10,1,'2024-06-10 00:48:21.405855');
INSERT INTO django_admin_log VALUES(27,'14','Running on 2024-06-08 from 23:41:33 to 00:30:00',1,'[{"added": {}}]',10,1,'2024-06-10 00:48:40.810542');
INSERT INTO django_admin_log VALUES(28,'15','Jumping on 2024-06-16 from 20:00:33 to 00:30:00',1,'[{"added": {}}]',10,1,'2024-06-10 00:49:05.881921');
INSERT INTO django_admin_log VALUES(29,'4','steven',2,'[{"changed": {"fields": ["User image"]}}]',8,1,'2024-06-10 04:09:15.265962');
INSERT INTO django_admin_log VALUES(30,'4','steven',2,'[{"changed": {"fields": ["User image"]}}]',8,1,'2024-06-10 04:25:34.174237');
INSERT INTO django_admin_log VALUES(31,'3','mike',2,'[{"changed": {"fields": ["User image"]}}]',8,1,'2024-06-10 04:25:40.828782');
INSERT INTO django_admin_log VALUES(32,'2','felix',2,'[{"changed": {"fields": ["User image"]}}]',8,1,'2024-06-10 04:25:47.394536');
INSERT INTO django_admin_log VALUES(33,'1','admin',2,'[{"changed": {"fields": ["User image"]}}]',8,1,'2024-06-10 04:25:55.037680');
INSERT INTO django_admin_log VALUES(34,'1','Kickstart Your Fitness Journey with Yoga',1,'[{"added": {}}]',7,1,'2024-06-10 04:30:10.430690');
INSERT INTO django_admin_log VALUES(35,'2','Transform Your Body with Our Strength Training Programs',1,'[{"added": {}}]',7,1,'2024-06-10 04:33:08.913059');
INSERT INTO django_admin_log VALUES(36,'3','Join Our High-Energy Zumba Classes',1,'[{"added": {}}]',7,1,'2024-06-10 04:34:04.899868');
INSERT INTO django_admin_log VALUES(37,'4','Relax and Recover with Our Massage Therapy',1,'[{"added": {}}]',7,1,'2024-06-10 04:35:03.494418');
INSERT INTO django_admin_log VALUES(38,'5','Achieve Your Goals with Personal Training',1,'[{"added": {}}]',7,1,'2024-06-10 04:36:16.000620');
INSERT INTO django_admin_log VALUES(39,'15','Jumping on 2024-06-16 from 20:00:33 to 00:30:00',2,'[{"changed": {"fields": ["Enrolled participants"]}}]',10,1,'2024-06-11 04:20:11.659935');
INSERT INTO django_admin_log VALUES(40,'3','Lifting on 2024-06-12 from 23:41:33 to 13:40:00',2,'[{"changed": {"fields": ["Enrolled participants"]}}]',10,1,'2024-06-11 05:32:08.933902');
CREATE TABLE IF NOT EXISTS "django_content_type" ("id" integer NOT NULL PRIMARY KEY AUTOINCREMENT, "app_label" varchar(100) NOT NULL, "model" varchar(100) NOT NULL);
INSERT INTO django_content_type VALUES(1,'admin','logentry');
INSERT INTO django_content_type VALUES(2,'auth','permission');
INSERT INTO django_content_type VALUES(3,'auth','group');
INSERT INTO django_content_type VALUES(4,'auth','user');
INSERT INTO django_content_type VALUES(5,'contenttypes','contenttype');
INSERT INTO django_content_type VALUES(6,'sessions','session');
INSERT INTO django_content_type VALUES(7,'posts','post');
INSERT INTO django_content_type VALUES(8,'schedule','instructor');
INSERT INTO django_content_type VALUES(9,'schedule','classes');
INSERT INTO django_content_type VALUES(10,'schedule','schedule');
CREATE TABLE IF NOT EXISTS "auth_permission" ("id" integer NOT NULL PRIMARY KEY AUTOINCREMENT, "content_type_id" integer NOT NULL REFERENCES "django_content_type" ("id") DEFERRABLE INITIALLY DEFERRED, "codename" varchar(100) NOT NULL, "name" varchar(255) NOT NULL);
INSERT INTO auth_permission VALUES(1,1,'add_logentry','Can add log entry');
INSERT INTO auth_permission VALUES(2,1,'change_logentry','Can change log entry');
INSERT INTO auth_permission VALUES(3,1,'delete_logentry','Can delete log entry');
INSERT INTO auth_permission VALUES(4,1,'view_logentry','Can view log entry');
INSERT INTO auth_permission VALUES(5,2,'add_permission','Can add permission');
INSERT INTO auth_permission VALUES(6,2,'change_permission','Can change permission');
INSERT INTO auth_permission VALUES(7,2,'delete_permission','Can delete permission');
INSERT INTO auth_permission VALUES(8,2,'view_permission','Can view permission');
INSERT INTO auth_permission VALUES(9,3,'add_group','Can add group');
INSERT INTO auth_permission VALUES(10,3,'change_group','Can change group');
INSERT INTO auth_permission VALUES(11,3,'delete_group','Can delete group');
INSERT INTO auth_permission VALUES(12,3,'view_group','Can view group');
INSERT INTO auth_permission VALUES(13,4,'add_user','Can add user');
INSERT INTO auth_permission VALUES(14,4,'change_user','Can change user');
INSERT INTO auth_permission VALUES(15,4,'delete_user','Can delete user');
INSERT INTO auth_permission VALUES(16,4,'view_user','Can view user');
INSERT INTO auth_permission VALUES(17,5,'add_contenttype','Can add content type');
INSERT INTO auth_permission VALUES(18,5,'change_contenttype','Can change content type');
INSERT INTO auth_permission VALUES(19,5,'delete_contenttype','Can delete content type');
INSERT INTO auth_permission VALUES(20,5,'view_contenttype','Can view content type');
INSERT INTO auth_permission VALUES(21,6,'add_session','Can add session');
INSERT INTO auth_permission VALUES(22,6,'change_session','Can change session');
INSERT INTO auth_permission VALUES(23,6,'delete_session','Can delete session');
INSERT INTO auth_permission VALUES(24,6,'view_session','Can view session');
INSERT INTO auth_permission VALUES(25,7,'add_post','Can add post');
INSERT INTO auth_permission VALUES(26,7,'change_post','Can change post');
INSERT INTO auth_permission VALUES(27,7,'delete_post','Can delete post');
INSERT INTO auth_permission VALUES(28,7,'view_post','Can view post');
INSERT INTO auth_permission VALUES(29,8,'add_instructor','Can add instructor');
INSERT INTO auth_permission VALUES(30,8,'change_instructor','Can change instructor');
INSERT INTO auth_permission VALUES(31,8,'delete_instructor','Can delete instructor');
INSERT INTO auth_permission VALUES(32,8,'view_instructor','Can view instructor');
INSERT INTO auth_permission VALUES(33,9,'add_classes','Can add classes');
INSERT INTO auth_permission VALUES(34,9,'change_classes','Can change classes');
INSERT INTO auth_permission VALUES(35,9,'delete_classes','Can delete classes');
INSERT INTO auth_permission VALUES(36,9,'view_classes','Can view classes');
INSERT INTO auth_permission VALUES(37,10,'add_schedule','Can add schedule');
INSERT INTO auth_permission VALUES(38,10,'change_schedule','Can change schedule');
INSERT INTO auth_permission VALUES(39,10,'delete_schedule','Can delete schedule');
INSERT INTO auth_permission VALUES(40,10,'view_schedule','Can view schedule');
CREATE TABLE IF NOT EXISTS "auth_group" ("id" integer NOT NULL PRIMARY KEY AUTOINCREMENT, "name" varchar(150) NOT NULL UNIQUE);
CREATE TABLE IF NOT EXISTS "auth_user" ("id" integer NOT NULL PRIMARY KEY AUTOINCREMENT, "password" varchar(128) NOT NULL, "last_login" datetime NULL, "is_superuser" bool NOT NULL, "username" varchar(150) NOT NULL UNIQUE, "last_name" varchar(150) NOT NULL, "email" varchar(254) NOT NULL, "is_staff" bool NOT NULL, "is_active" bool NOT NULL, "date_joined" datetime NOT NULL, "first_name" varchar(150) NOT NULL);
INSERT INTO auth_user VALUES(1,'pbkdf2_sha256$600000$5TQIKwhO1Oqc9rctyXyU07$/hHyBRtq7+CjldNsGsW/UjvVH9X1bsQmmmdkM7C49uU=','2024-06-15 03:29:35.192800',1,'admin','','',1,1,'2024-06-10 00:40:07.975412','');
INSERT INTO auth_user VALUES(2,'pbkdf2_sha256$600000$Kjp0K4t0qyhuzrT3R6f8k3$MbK6sm5LFe0HwS6nMD1X7DXOSstqAWKuXbs7y4HAKHk=','2024-06-15 03:24:44.147178',0,'mike','','',0,1,'2024-06-10 00:40:39.591906','');
INSERT INTO auth_user VALUES(3,'pbkdf2_sha256$720000$JYzFI3YO6IxDigWGtCrL3C$oWwTAn1+7sDPYVJNP+lFskal6hmcbp9v3qPLd2XJt6k=','2024-06-11 07:37:50.060439',0,'felix','','',0,1,'2024-06-10 00:40:55','');
INSERT INTO auth_user VALUES(4,'pbkdf2_sha256$720000$j8rxJQ3cjTHe7UaNGbFpon$037YI4+gpL1quw/eNJsn5M2U9giTTF7iUAGXDe4vndI=',NULL,0,'steven','','',0,1,'2024-06-10 00:41:21','');
CREATE TABLE IF NOT EXISTS "posts_post" ("id" integer NOT NULL PRIMARY KEY AUTOINCREMENT, "title" varchar(100) NOT NULL, "content" text NOT NULL, "image" varchar(100) NOT NULL);
INSERT INTO posts_post VALUES(1,'Kickstart Your Fitness Journey with Yoga','Discover the power of yoga for both body and mind. Join our yoga classes to enhance your flexibility, strength, and mental clarity. Perfect for all fitness levels, our expert instructors will guide you through each pose with ease and precision.','image/yoga.jpg');
INSERT INTO posts_post VALUES(2,'Transform Your Body with Our Strength Training Programs','Ready to build muscle and increase your strength? Our strength training programs are designed to challenge and motivate you. With state-of-the-art equipment and personalized training plans, you''ll see results faster than ever.','image/strength.jpg');
INSERT INTO posts_post VALUES(3,'Join Our High-Energy Zumba Classes','Dance your way to fitness with our high-energy Zumba classes. Burn calories, boost your mood, and improve your coordination with fun and dynamic dance routines. No dance experience needed—just bring your enthusiasm and a smile!','image/zumba.jpg');
INSERT INTO posts_post VALUES(4,'Relax and Recover with Our Massage Therapy','After a hard workout, treat yourself to a relaxing massage. Our professional massage therapists are here to help you recover, reduce muscle tension, and improve circulation. Book your session today and feel the difference.','image/massage.jpg');
INSERT INTO posts_post VALUES(5,'Achieve Your Goals with Personal Training','Whether you''re a beginner or a seasoned athlete, our personal trainers are here to help you achieve your fitness goals. Get customized workout plans, nutrition advice, and one-on-one coaching to reach your full potential.','image/trainer.jpg');
CREATE TABLE IF NOT EXISTS "schedule_schedule" ("id" integer NOT NULL PRIMARY KEY AUTOINCREMENT, "date" date NOT NULL, "start_time" time NOT NULL, "end_time" time NOT NULL, "max_participants" integer unsigned NOT NULL CHECK ("max_participants" >= 0), "class_instance_id" bigint NOT NULL REFERENCES "schedule_classes" ("id") DEFERRABLE INITIALLY DEFERRED);
INSERT INTO schedule_schedule VALUES(1,'2024-06-02','00:44:17','18:00:00',3,1);
INSERT INTO schedule_schedule VALUES(2,'2024-06-11','00:44:36','00:30:00',4,2);
INSERT INTO schedule_schedule VALUES(3,'2024-06-12','23:41:33','13:40:00',3,3);
INSERT INTO schedule_schedule VALUES(4,'2024-06-13','20:00:33','11:00:00',5,4);
INSERT INTO schedule_schedule VALUES(5,'2024-06-14','00:44:17','18:00:00',3,2);
INSERT INTO schedule_schedule VALUES(6,'2024-06-22','00:41:33','00:30:00',9,3);
INSERT INTO schedule_schedule VALUES(7,'2024-06-23','00:44:17','18:00:00',4,4);
INSERT INTO schedule_schedule VALUES(8,'2024-06-03','00:44:17','00:30:00',6,1);
INSERT INTO schedule_schedule VALUES(9,'2024-06-10','00:44:17','13:40:00',9,2);
INSERT INTO schedule_schedule VALUES(10,'2024-06-11','00:44:17','13:40:00',3,3);
INSERT INTO schedule_schedule VALUES(11,'2024-06-12','23:41:33','00:30:00',3,4);
INSERT INTO schedule_schedule VALUES(12,'2024-06-06','00:41:33','11:00:00',3,1);
INSERT INTO schedule_schedule VALUES(13,'2024-06-14','23:41:33','13:40:00',3,3);
INSERT INTO schedule_schedule VALUES(14,'2024-06-08','23:41:33','00:30:00',5,1);
INSERT INTO schedule_schedule VALUES(15,'2024-06-16','20:00:33','00:30:00',5,2);
CREATE TABLE IF NOT EXISTS "schedule_schedule_enrolled_participants" ("id" integer NOT NULL PRIMARY KEY AUTOINCREMENT, "schedule_id" bigint NOT NULL REFERENCES "schedule_schedule" ("id") DEFERRABLE INITIALLY DEFERRED, "user_id" integer NOT NULL REFERENCES "auth_user" ("id") DEFERRABLE INITIALLY DEFERRED);
INSERT INTO schedule_schedule_enrolled_participants VALUES(2,1,3);
INSERT INTO schedule_schedule_enrolled_participants VALUES(3,2,4);
INSERT INTO schedule_schedule_enrolled_participants VALUES(4,3,2);
INSERT INTO schedule_schedule_enrolled_participants VALUES(5,4,2);
INSERT INTO schedule_schedule_enrolled_participants VALUES(6,5,2);
INSERT INTO schedule_schedule_enrolled_participants VALUES(7,6,2);
INSERT INTO schedule_schedule_enrolled_participants VALUES(8,7,3);
INSERT INTO schedule_schedule_enrolled_participants VALUES(9,8,2);
INSERT INTO schedule_schedule_enrolled_participants VALUES(10,8,4);
INSERT INTO schedule_schedule_enrolled_participants VALUES(11,9,2);
INSERT INTO schedule_schedule_enrolled_participants VALUES(12,10,3);
INSERT INTO schedule_schedule_enrolled_participants VALUES(13,11,2);
INSERT INTO schedule_schedule_enrolled_participants VALUES(14,12,2);
INSERT INTO schedule_schedule_enrolled_participants VALUES(15,13,2);
INSERT INTO schedule_schedule_enrolled_participants VALUES(16,14,2);
INSERT INTO schedule_schedule_enrolled_participants VALUES(17,15,2);
INSERT INTO schedule_schedule_enrolled_participants VALUES(18,15,3);
INSERT INTO schedule_schedule_enrolled_participants VALUES(19,15,1);
INSERT INTO schedule_schedule_enrolled_participants VALUES(21,9,1);
INSERT INTO schedule_schedule_enrolled_participants VALUES(23,10,1);
INSERT INTO schedule_schedule_enrolled_participants VALUES(24,12,1);
INSERT INTO schedule_schedule_enrolled_participants VALUES(26,8,1);
INSERT INTO schedule_schedule_enrolled_participants VALUES(30,7,1);
CREATE TABLE IF NOT EXISTS "schedule_classes" ("id" integer NOT NULL PRIMARY KEY AUTOINCREMENT, "name" varchar(100) NOT NULL, "description" text NOT NULL, "duration" bigint NOT NULL, "instructor_id" bigint NOT NULL REFERENCES "schedule_instructor" ("id") DEFERRABLE INITIALLY DEFERRED, "image" varchar(100) NOT NULL);
INSERT INTO schedule_classes VALUES(1,'Running','going to run',40000000,1,'image/pexels-scottwebb-28054_ORXICu8.jpg');
INSERT INTO schedule_classes VALUES(2,'Jumping','going to jump',45000000,2,'image/pexels-823sl-2294403.jpg');
INSERT INTO schedule_classes VALUES(3,'Lifting','going to lift',35000000,3,'image/pexels-victorfreitas-949131_tdAB8ZR.jpg');
INSERT INTO schedule_classes VALUES(4,'Yoga','doing yoga',90000000,4,'image/pexels-olly-917653.jpg');
CREATE TABLE IF NOT EXISTS "django_session" ("session_key" varchar(40) NOT NULL PRIMARY KEY, "session_data" text NOT NULL, "expire_date" datetime NOT NULL);
INSERT INTO django_session VALUES('wcqmfldxwiih88nwdvhcqetpu18hywze','.eJxVjDEOwjAMRe-SGUUp1HXCyM4ZKjt2SAElUtNOiLtDpQ6w_vfef5mR1iWPa9N5nMScTWcOvxtTfGjZgNyp3KqNtSzzxHZT7E6bvVbR52V3_w4ytfytIzsGDKH34nAQHBxE6MVjigJ6Ih6QGEFDR4n5CE45sCIw9z6GkMz7A-82OKw:1sGVJQ:vnxjHzQ6LJYxXPCYQ_gwkeapcxQjnI4ysUvylH5mPNI','2024-06-24 03:03:12.741396');
INSERT INTO django_session VALUES('y3yxr29kafpz4ycjhcssvu08mov6l4tz','.eJxVjDEOwjAMRe-SGUUp1HXCyM4ZKjt2SAElUtNOiLtDpQ6w_vfef5mR1iWPa9N5nMScTWcOvxtTfGjZgNyp3KqNtSzzxHZT7E6bvVbR52V3_w4ytfytIzsGDKH34nAQHBxE6MVjigJ6Ih6QGEFDR4n5CE45sCIw9z6GkMz7A-82OKw:1sGVLJ:QkGlk2pwDULUavVFNpu4kg4RsAx_ym4ZkKcDZBtH0Jg','2024-06-24 03:05:09.946970');
INSERT INTO django_session VALUES('wn1z0o279i6p9btfq8ojy985s632inv4','.eJxVjDEOwjAMRe-SGUUp1HXCyM4ZKjt2SAElUtNOiLtDpQ6w_vfef5mR1iWPa9N5nMScTWcOvxtTfGjZgNyp3KqNtSzzxHZT7E6bvVbR52V3_w4ytfytIzsGDKH34nAQHBxE6MVjigJ6Ih6QGEFDR4n5CE45sCIw9z6GkMz7A-82OKw:1sGVRV:2Srr3LMIdbfwsAGYUDiZQdjLUI9F-nLKlciJMC3m8Cc','2024-06-24 03:11:33.173895');
INSERT INTO django_session VALUES('h0ylakqw12b6iotapo1sckxpnwhzx8p6','.eJxVjDEOwjAMRe-SGUUp1HXCyM4ZKjt2SAElUtNOiLtDpQ6w_vfef5mR1iWPa9N5nMScTWcOvxtTfGjZgNyp3KqNtSzzxHZT7E6bvVbR52V3_w4ytfytIzsGDKH34nAQHBxE6MVjigJ6Ih6QGEFDR4n5CE45sCIw9z6GkMz7A-82OKw:1sGVWO:krd7AKhvIMM-FTIfYIlxN3QwL-9MatPfHhUmMp_8-TU','2024-06-24 03:16:36.358522');
INSERT INTO django_session VALUES('cpp9zi6km621ldwtkedy5i3xma74qnbn','.eJxVjDEOwjAMRe-SGUUp1HXCyM4ZKjt2SAElUtNOiLtDpQ6w_vfef5mR1iWPa9N5nMScTWcOvxtTfGjZgNyp3KqNtSzzxHZT7E6bvVbR52V3_w4ytfytIzsGDKH34nAQHBxE6MVjigJ6Ih6QGEFDR4n5CE45sCIw9z6GkMz7A-82OKw:1sGVXA:aP094S-AjJc6jdJtAeAxItg-luL8DDGbHU9nuIH36Cs','2024-06-24 03:17:24.900091');
INSERT INTO django_session VALUES('yrwe24oq936j0oq2icnmtbw6711h84np','.eJxVjDEOwjAMRe-SGUUp1HXCyM4ZKjt2SAElUtNOiLtDpQ6w_vfef5mR1iWPa9N5nMScTWcOvxtTfGjZgNyp3KqNtSzzxHZT7E6bvVbR52V3_w4ytfytIzsGDKH34nAQHBxE6MVjigJ6Ih6QGEFDR4n5CE45sCIw9z6GkMz7A-82OKw:1sGVXU:8YDfL0kGKj6St-u_ZhIUZS53kkDNdwo6OG6NadKNjMc','2024-06-24 03:17:44.354768');
INSERT INTO django_session VALUES('s6c7r47bx20hzafw0yhuskndk4xueomt','.eJxVjDEOwjAMRe-SGUUp1HXCyM4ZKjt2SAElUtNOiLtDpQ6w_vfef5mR1iWPa9N5nMScTWcOvxtTfGjZgNyp3KqNtSzzxHZT7E6bvVbR52V3_w4ytfytIzsGDKH34nAQHBxE6MVjigJ6Ih6QGEFDR4n5CE45sCIw9z6GkMz7A-82OKw:1sGVYr:aqarhkvdD9gjLX7Gbf6KzWsb7qF1RpWtzqPyeSH0kQ8','2024-06-24 03:19:09.280527');
INSERT INTO django_session VALUES('bqnvx4oamqa36x3bnm6zkckk2gwibtsb','.eJxVjDEOwjAMRe-SGUUp1HXCyM4ZKjt2SAElUtNOiLtDpQ6w_vfef5mR1iWPa9N5nMScTWcOvxtTfGjZgNyp3KqNtSzzxHZT7E6bvVbR52V3_w4ytfytIzsGDKH34nAQHBxE6MVjigJ6Ih6QGEFDR4n5CE45sCIw9z6GkMz7A-82OKw:1sGVZ5:U1Rov3VeBQImgK9StjEOFUCi_1yWgYxWxIl93jY1crI','2024-06-24 03:19:23.171659');
INSERT INTO django_session VALUES('by0l0z31yp2muvqqaldl4fv37bwjfdci','.eJxVjDEOwjAMRe-SGUUp1HXCyM4ZKjt2SAElUtNOiLtDpQ6w_vfef5mR1iWPa9N5nMScTWcOvxtTfGjZgNyp3KqNtSzzxHZT7E6bvVbR52V3_w4ytfytIzsGDKH34nAQHBxE6MVjigJ6Ih6QGEFDR4n5CE45sCIw9z6GkMz7A-82OKw:1sGVZW:x8x63rSk95RgR7s3ldUEvFi4e-vrsUezm96QLJNvsUg','2024-06-24 03:19:50.479930');
INSERT INTO django_session VALUES('wca8r7v2r1hp1e72zz5qwz7u1dbq81wp','.eJxVjDEOwjAMRe-SGUUp1HXCyM4ZKjt2SAElUtNOiLtDpQ6w_vfef5mR1iWPa9N5nMScTWcOvxtTfGjZgNyp3KqNtSzzxHZT7E6bvVbR52V3_w4ytfytIzsGDKH34nAQHBxE6MVjigJ6Ih6QGEFDR4n5CE45sCIw9z6GkMz7A-82OKw:1sGVZs:G93JvnRobC3tDVHlGVa_Zem31wFf5hnLRb4fNWkBg_U','2024-06-24 03:20:12.620429');
INSERT INTO django_session VALUES('pl4xsd7bg108bs33qdsja8tzn32th59w','.eJxVjDEOwjAMRe-SGUUp1HXCyM4ZKjt2SAElUtNOiLtDpQ6w_vfef5mR1iWPa9N5nMScTWcOvxtTfGjZgNyp3KqNtSzzxHZT7E6bvVbR52V3_w4ytfytIzsGDKH34nAQHBxE6MVjigJ6Ih6QGEFDR4n5CE45sCIw9z6GkMz7A-82OKw:1sGVly:OPT7_WLzS2BkwCCy28hKxkkRJC_3caEb2ZVojDhF6XI','2024-06-24 03:32:42.262688');
INSERT INTO django_session VALUES('e1ovdx91dt9f84f4axs2k0yocww3gvxn','.eJxVjDEOwjAMRe-SGUUp1HXCyM4ZKjt2SAElUtNOiLtDpQ6w_vfef5mR1iWPa9N5nMScTWcOvxtTfGjZgNyp3KqNtSzzxHZT7E6bvVbR52V3_w4ytfytIzsGDKH34nAQHBxE6MVjigJ6Ih6QGEFDR4n5CE45sCIw9z6GkMz7A-82OKw:1sGsVo:kqhYds4m-bu5pvifIcBVXgoc7jyRG5gw8wVduboe6lY','2024-06-25 03:49:32.558037');
INSERT INTO django_session VALUES('3glqgcdz2q9b947jqq1slxx64fg1tc4t','.eJxVjDEOwjAMRe-SGUUp1HXCyM4ZKjt2SAElUtNOiLtDpQ6w_vfef5mR1iWPa9N5nMScTWcOvxtTfGjZgNyp3KqNtSzzxHZT7E6bvVbR52V3_w4ytfytIzsGDKH34nAQHBxE6MVjigJ6Ih6QGEFDR4n5CE45sCIw9z6GkMz7A-82OKw:1sGstX:9F_Svj1V1HgEGC3GyG8mMPNBXsvaMr-pFvJT0p1ab_M','2024-06-25 04:14:03.946856');
INSERT INTO django_session VALUES('yn1qo8jg6521qzz25ic0sclzqxiwsjtb','.eJxVjDEOwjAMRe-SGUUp1HXCyM4ZKjt2SAElUtNOiLtDpQ6w_vfef5mR1iWPa9N5nMScTWcOvxtTfGjZgNyp3KqNtSzzxHZT7E6bvVbR52V3_w4ytfytIzsGDKH34nAQHBxE6MVjigJ6Ih6QGEFDR4n5CE45sCIw9z6GkMz7A-82OKw:1sGszI:DeVXqxjalRq2QoaKuIp4raGgYn1g7Lwbb6UFII6CnME','2024-06-25 04:20:00.384918');
INSERT INTO django_session VALUES('mxz8p21667xko9kpw2u8kx8tha7rz67g','.eJxVjDEOwjAMRe-SGUUp1HXCyM4ZKjt2SAElUtNOiLtDpQ6w_vfef5mR1iWPa9N5nMScTWcOvxtTfGjZgNyp3KqNtSzzxHZT7E6bvVbR52V3_w4ytfytIzsGDKH34nAQHBxE6MVjigJ6Ih6QGEFDR4n5CE45sCIw9z6GkMz7A-82OKw:1sGt7o:OpqyxbM97kUpj2j3_xNPDHQLYfRUtrgA298sHcekkLM','2024-06-25 04:28:48.090252');
INSERT INTO django_session VALUES('3e4fw43et413a92neaq4cgdtc3vu7iix','.eJxVjDEOwjAMRe-SGUUp1HXCyM4ZKjt2SAElUtNOiLtDpQ6w_vfef5mR1iWPa9N5nMScTWcOvxtTfGjZgNyp3KqNtSzzxHZT7E6bvVbR52V3_w4ytfytIzsGDKH34nAQHBxE6MVjigJ6Ih6QGEFDR4n5CE45sCIw9z6GkMz7A-82OKw:1sGt9L:Ca-lqILxkm9gP1mGLa_JBvCYLsYP-cgNg4sWde9_joo','2024-06-25 04:30:23.308175');
INSERT INTO django_session VALUES('ryqh2nkoywjiy7l7anlwwpkfufr9i844','.eJxVjDEOwjAMRe-SGUUp1HXCyM4ZKjt2SAElUtNOiLtDpQ6w_vfef5mR1iWPa9N5nMScTWcOvxtTfGjZgNyp3KqNtSzzxHZT7E6bvVbR52V3_w4ytfytIzsGDKH34nAQHBxE6MVjigJ6Ih6QGEFDR4n5CE45sCIw9z6GkMz7A-82OKw:1sGtZ0:PgrJMzYvSVCrNK96TLfWUWvyPkPgmvyKJKMnKe_mpqI','2024-06-25 04:56:54.618576');
INSERT INTO django_session VALUES('8xouebiqegusxrhk2lb0q65n5ss5dem3','.eJxVjDEOwjAMRe-SGUUp1HXCyM4ZKjt2SAElUtNOiLtDpQ6w_vfef5mR1iWPa9N5nMScTWcOvxtTfGjZgNyp3KqNtSzzxHZT7E6bvVbR52V3_w4ytfytIzsGDKH34nAQHBxE6MVjigJ6Ih6QGEFDR4n5CE45sCIw9z6GkMz7A-82OKw:1sGtwx:MiyychE2sSRRuLQBWPWYLMIIB7rErgu9cnmBEMf8pE8','2024-06-25 05:21:39.792833');
INSERT INTO django_session VALUES('vkrjqqxrwhhn3iq3vm9mx6owct2wtgxw','.eJxVjDEOwjAMRe-SGUUp1HXCyM4ZKjt2SAElUtNOiLtDpQ6w_vfef5mR1iWPa9N5nMScTWcOvxtTfGjZgNyp3KqNtSzzxHZT7E6bvVbR52V3_w4ytfytIzsGDKH34nAQHBxE6MVjigJ6Ih6QGEFDR4n5CE45sCIw9z6GkMz7A-82OKw:1sGu6Y:P1nP81NX6e3UTPs3TSTctZDpThqAZAmyNEk1MRl3WGA','2024-06-25 05:31:34.776131');
INSERT INTO django_session VALUES('h9d5s61yn6f7x7j0s6sww8mz7sip3vkr','.eJxVjDEOwjAMRe-SGUUp1HXCyM4ZKjt2SAElUtNOiLtDpQ6w_vfef5mR1iWPa9N5nMScTWcOvxtTfGjZgNyp3KqNtSzzxHZT7E6bvVbR52V3_w4ytfytIzsGDKH34nAQHBxE6MVjigJ6Ih6QGEFDR4n5CE45sCIw9z6GkMz7A-82OKw:1sGu8h:6_qe7g1n6jsgvV83hWl-BRm0s4z3DZPZY524evbDlrk','2024-06-25 05:33:47.115392');
INSERT INTO django_session VALUES('k098z9hm2223fzqj2b429qtbcm1gdrdp','.eJxVjDEOwjAMRe-SGUUp1HXCyM4ZKjt2SAElUtNOiLtDpQ6w_vfef5mR1iWPa9N5nMScTWcOvxtTfGjZgNyp3KqNtSzzxHZT7E6bvVbR52V3_w4ytfytIzsGDKH34nAQHBxE6MVjigJ6Ih6QGEFDR4n5CE45sCIw9z6GkMz7A-82OKw:1sGuJP:t-xHHSz_bFw1_z29345VaRWFIibRXuwIaHXZ-JcKXUs','2024-06-25 05:44:51.198287');
INSERT INTO django_session VALUES('mjgifln2dkxu5lplgio44w67qxuro133','.eJxVjDEOwjAMRe-SGUUp1HXCyM4ZKjt2SAElUtNOiLtDpQ6w_vfef5mR1iWPa9N5nMScTWcOvxtTfGjZgNyp3KqNtSzzxHZT7E6bvVbR52V3_w4ytfytIzsGDKH34nAQHBxE6MVjigJ6Ih6QGEFDR4n5CE45sCIw9z6GkMz7A-82OKw:1sGuuD:VDTMQBhrZh_rz8qijaIrWlFV9S5KsCFyxW2GBAgX4jA','2024-06-25 06:22:53.025280');
INSERT INTO django_session VALUES('dy00vcvq8a0eq2oty0dzxyn75aihqbvi','.eJxVjDEOwjAMRe-SGUUp1HXCyM4ZKjt2SAElUtNOiLtDpQ6w_vfef5mR1iWPa9N5nMScTWcOvxtTfGjZgNyp3KqNtSzzxHZT7E6bvVbR52V3_w4ytfytIzsGDKH34nAQHBxE6MVjigJ6Ih6QGEFDR4n5CE45sCIw9z6GkMz7A-82OKw:1sGuwv:Wp9StKitLO9Ggq2ohmFQ4W_8bhz_QnPh3doOgjOPD7c','2024-06-25 06:25:41.093485');
INSERT INTO django_session VALUES('q8d0r2a9keigrou9c3dq6kb5mzp1kvv0','.eJxVjDEOwjAMRe-SGUUp1HXCyM4ZKjt2SAElUtNOiLtDpQ6w_vfef5mR1iWPa9N5nMScTWcOvxtTfGjZgNyp3KqNtSzzxHZT7E6bvVbR52V3_w4ytfytIzsGDKH34nAQHBxE6MVjigJ6Ih6QGEFDR4n5CE45sCIw9z6GkMz7A-82OKw:1sGuzX:J9gfYNtUxmuMspCyyD7i9TarbqYZH2mo2RrGgMMY0n0','2024-06-25 06:28:23.134436');
INSERT INTO django_session VALUES('qlbonnrrrf2z54vcoqn4gaevt2q13jzu','.eJxVjDEOwjAMRe-SGUUp1HXCyM4ZKjt2SAElUtNOiLtDpQ6w_vfef5mR1iWPa9N5nMScTWcOvxtTfGjZgNyp3KqNtSzzxHZT7E6bvVbR52V3_w4ytfytIzsGDKH34nAQHBxE6MVjigJ6Ih6QGEFDR4n5CE45sCIw9z6GkMz7A-82OKw:1sGv49:5g3HvOg5etQSV_NQ7afV1kVqoLHyTnwDXP-fZAakP6k','2024-06-25 06:33:09.649342');
INSERT INTO django_session VALUES('gmslo1fbvske21d2robd9w59pubsecdp','.eJxVjDEOwjAMRe-SGUUp1HXCyM4ZKjt2SAElUtNOiLtDpQ6w_vfef5mR1iWPa9N5nMScTWcOvxtTfGjZgNyp3KqNtSzzxHZT7E6bvVbR52V3_w4ytfytIzsGDKH34nAQHBxE6MVjigJ6Ih6QGEFDR4n5CE45sCIw9z6GkMz7A-82OKw:1sGvF7:fqXks5QKH66-RKgTD2x-KoLQojmuUglT6lJC80JiPcU','2024-06-25 06:44:29.425567');
INSERT INTO django_session VALUES('hcxtruq2gdiycn88ieq2z7pmzjl8u2nt','.eJxVjDEOwjAMRe-SGUUp1HXCyM4ZKjt2SAElUtNOiLtDpQ6w_vfef5mR1iWPa9N5nMScTWcOvxtTfGjZgNyp3KqNtSzzxHZT7E6bvVbR52V3_w4ytfytIzsGDKH34nAQHBxE6MVjigJ6Ih6QGEFDR4n5CE45sCIw9z6GkMz7A-82OKw:1sGvIB:L0rLPR_kOWDokYrxyhjcuNrlOfzgAVD_XUdSCPIdkoE','2024-06-25 06:47:39.951667');
INSERT INTO django_session VALUES('j99095n63s31yjqz65f02pbqbtw916uv','.eJxVjDEOwjAMRe-SGUUp1HXCyM4ZKjt2SAElUtNOiLtDpQ6w_vfef5mR1iWPa9N5nMScTWcOvxtTfGjZgNyp3KqNtSzzxHZT7E6bvVbR52V3_w4ytfytIzsGDKH34nAQHBxE6MVjigJ6Ih6QGEFDR4n5CE45sCIw9z6GkMz7A-82OKw:1sGvZS:aByl8fTcmdY_57KdL1Ur5yEZbGKnsCYwWE-9zrN0Fug','2024-06-25 07:05:30.359001');
INSERT INTO django_session VALUES('96spepg5kldcbwzx5nr3j2j3n1lua37t','.eJxVjDEOwjAMRe-SGUUp1HXCyM4ZKjt2SAElUtNOiLtDpQ6w_vfef5mR1iWPa9N5nMScTWcOvxtTfGjZgNyp3KqNtSzzxHZT7E6bvVbR52V3_w4ytfytIzsGDKH34nAQHBxE6MVjigJ6Ih6QGEFDR4n5CE45sCIw9z6GkMz7A-82OKw:1sGve0:gwEl0cI1-fNwJLrDxWtPk8SZOsELCXOMPxKQRt23imY','2024-06-25 07:10:12.329044');
INSERT INTO django_session VALUES('wskccp7d0z5ecrtbaqckd4veqqw7y7ci','.eJxVjDEOwjAMRe-SGUUp1HXCyM4ZKjt2SAElUtNOiLtDpQ6w_vfef5mR1iWPa9N5nMScTWcOvxtTfGjZgNyp3KqNtSzzxHZT7E6bvVbR52V3_w4ytfytIzsGDKH34nAQHBxE6MVjigJ6Ih6QGEFDR4n5CE45sCIw9z6GkMz7A-82OKw:1sGvoK:0-4QDIsEBbU_TxZlPAthhjnIHdNRGxN5WnB4xrhKm3c','2024-06-25 07:20:52.660594');
INSERT INTO django_session VALUES('2tvwqedt5x2a2h30hz03gda7tnq5xx1p','.eJxVjDEOwjAMRe-SGUUp1HXCyM4ZKjt2SAElUtNOiLtDpQ6w_vfef5mR1iWPa9N5nMScTWcOvxtTfGjZgNyp3KqNtSzzxHZT7E6bvVbR52V3_w4ytfytIzsGDKH34nAQHBxE6MVjigJ6Ih6QGEFDR4n5CE45sCIw9z6GkMz7A-82OKw:1sGw17:FmknIPtwq40k1-JMLC3gsh5j-8MNwk0-sugzXZFiq50','2024-06-25 07:34:05.041476');
INSERT INTO django_session VALUES('9rdq3x7i4iajozmh3zvre1uuvfx44z5v','.eJxVjDEOwjAMRe-SGUUp1HXCyM4ZKjt2SAElUtNOiLtDpQ6w_vfef5mR1iWPa9N5nMScTWcOvxtTfGjZgNyp3KqNtSzzxHZT7E6bvVbR52V3_w4ytfytIzsGDKH34nAQHBxE6MVjigJ6Ih6QGEFDR4n5CE45sCIw9z6GkMz7A-82OKw:1sGw3g:FXj8QFPGvxCrAbpWhJvvwquUvgyPF4ZY0zf8rtqaBsA','2024-06-25 07:36:44.552342');
INSERT INTO django_session VALUES('hlbsiierocb3xiih8c70e4py0emb35x9','.eJxVjDsOwjAQBe_iGlk2Xv8o6TmDtbt2cAA5UpxUiLuTSCmgfTPz3iLhutS09jKnMYuLMOL0uxHys7Qd5Ae2-yR5ass8ktwVedAub1Mur-vh_h1U7HWrvQHHPsQyBLAZ-JwdZeMZouJCBoxSNhqGwWuvWWvHkSwDIQZUmy4-X9UoN54:1sGw4k:Sm1EMc4Z6tk4UGr2BNeMS9IG6nC0nlNjy7Pl2-9Ci78','2024-06-25 07:37:50.061276');
INSERT INTO django_session VALUES('i5s7rjpxoxsp0mmh5i5pf51lapkn3d3z','.eJxVjDEOwjAMRe-SGUUp1HXCyM4ZKjt2SAElUtNOiLtDpQ6w_vfef5mR1iWPa9N5nMScTWcOvxtTfGjZgNyp3KqNtSzzxHZT7E6bvVbR52V3_w4ytfytIzsGDKH34nAQHBxE6MVjigJ6Ih6QGEFDR4n5CE45sCIw9z6GkMz7A-82OKw:1sGw51:CmLjbt7Ti7jRLcKYcCONNffENhglVEpOG15_2jrTTsU','2024-06-25 07:38:07.710984');
INSERT INTO django_session VALUES('7mmlujqfv4z51kmle2p253g381ocy1tv','.eJxVjDEOwjAMRe-SGUUp1HXCyM4ZKjt2SAElUtNOiLtDpQ6w_vfef5mR1iWPa9N5nMScTWcOvxtTfGjZgNyp3KqNtSzzxHZT7E6bvVbR52V3_w4ytfytIzsGDKH34nAQHBxE6MVjigJ6Ih6QGEFDR4n5CE45sCIw9z6GkMz7A-82OKw:1sGw74:Awnc5gCzg2qu3_A5eItmfn13LvEyu2ZuU2Rc9NacTqs','2024-06-25 07:40:14.717139');
INSERT INTO django_session VALUES('e5wjagdj5q3zp8kiclhp6kvpjpv37b9z','.eJxVjDEOwjAMRe-SGUUp1HXCyM4ZKjt2SAElUtNOiLtDpQ6w_vfef5mR1iWPa9N5nMScTWcOvxtTfGjZgNyp3KqNtSzzxHZT7E6bvVbR52V3_w4ytfytIzsGDKH34nAQHBxE6MVjigJ6Ih6QGEFDR4n5CE45sCIw9z6GkMz7A-82OKw:1sGw9X:iaZsBq_LJ2QqePK_OePck9DLx-fDD67DgZQMMUt38_M','2024-06-25 07:42:47.152739');
INSERT INTO django_session VALUES('b0sde7bx5g9apmigarkzj5782gu3kana','.eJxVjDEOwjAMRe-SGUUp1HXCyM4ZKjt2SAElUtNOiLtDpQ6w_vfef5mR1iWPa9N5nMScTWcOvxtTfGjZgNyp3KqNtSzzxHZT7E6bvVbR52V3_w4ytfytIzsGDKH34nAQHBxE6MVjigJ6Ih6QGEFDR4n5CE45sCIw9z6GkMz7A-82OKw:1sGwA7:kxYPE2QJkN1w3nPAEhZ0MOj9AarJKKPnMrhRsVprmiU','2024-06-25 07:43:23.604335');
INSERT INTO django_session VALUES('q5cx4zis9ecuks4m0kcmrplc0o9myfx2','.eJxVjDEOwjAMRe-SGUUp1HXCyM4ZKjt2SAElUtNOiLtDpQ6w_vfef5mR1iWPa9N5nMScTWcOvxtTfGjZgNyp3KqNtSzzxHZT7E6bvVbR52V3_w4ytfytIzsGDKH34nAQHBxE6MVjigJ6Ih6QGEFDR4n5CE45sCIw9z6GkMz7A-82OKw:1sGwAY:zWeG1OkJtT7xOj1hiFToiPUTxTzQpUkVXl4moN7FQos','2024-06-25 07:43:50.836598');
INSERT INTO django_session VALUES('1gpcd1gki9pt8kk7cvnltqnx5owwaid1','.eJxVjDEOwjAMRe-SGUUp1HXCyM4ZKjt2SAElUtNOiLtDpQ6w_vfef5mR1iWPa9N5nMScTWcOvxtTfGjZgNyp3KqNtSzzxHZT7E6bvVbR52V3_w4ytfytIzsGDKH34nAQHBxE6MVjigJ6Ih6QGEFDR4n5CE45sCIw9z6GkMz7A-82OKw:1sHEN6:fzIxd_yo5lWdtkwICGQ2TRnKO1yUFgbOKtJFu2Pm3Z8','2024-06-26 03:10:00.083283');
INSERT INTO django_session VALUES('38n98hc0yc3h3zxcbep167i1bg2i8v7i','.eJxVjDEOwjAMRe-SGUUp1HXCyM4ZKjt2SAElUtNOiLtDpQ6w_vfef5mR1iWPa9N5nMScTWcOvxtTfGjZgNyp3KqNtSzzxHZT7E6bvVbR52V3_w4ytfytIzsGDKH34nAQHBxE6MVjigJ6Ih6QGEFDR4n5CE45sCIw9z6GkMz7A-82OKw:1sHEQ3:88zx8E538Iv6zYLMyFbpxehH7nq8SnKmNbg3canyUPI','2024-06-26 03:13:03.928234');
INSERT INTO django_session VALUES('gwcxorahttpk1a9ca2w509aw2uxst3pb','.eJxVjDEOwjAMRe-SGUUp1HXCyM4ZKjt2SAElUtNOiLtDpQ6w_vfef5mR1iWPa9N5nMScTWcOvxtTfGjZgNyp3KqNtSzzxHZT7E6bvVbR52V3_w4ytfytIzsGDKH34nAQHBxE6MVjigJ6Ih6QGEFDR4n5CE45sCIw9z6GkMz7A-82OKw:1sHEUm:dJR8wCIbpp56p1wuVtqkCl5sGLIHYBSZ88zBaknXRuw','2024-06-26 03:17:56.940497');
INSERT INTO django_session VALUES('557cuw9b7etxit1a6w0dydxjsuv8p2kf','.eJxVjDEOwjAMRe-SGUUp1HXCyM4ZKjt2SAElUtNOiLtDpQ6w_vfef5mR1iWPa9N5nMScTWcOvxtTfGjZgNyp3KqNtSzzxHZT7E6bvVbR52V3_w4ytfytIzsGDKH34nAQHBxE6MVjigJ6Ih6QGEFDR4n5CE45sCIw9z6GkMz7A-82OKw:1sHEXN:02XhQkwDgJg4mK9TQKrvAFiFAeFBUFkngVsRuZgaPH4','2024-06-26 03:20:37.487982');
INSERT INTO django_session VALUES('2k6vjgvwpdkc21k0m6k1c1u4mg7snan6','.eJxVjDEOwjAMRe-SGUUp1HXCyM4ZKjt2SAElUtNOiLtDpQ6w_vfef5mR1iWPa9N5nMScTWcOvxtTfGjZgNyp3KqNtSzzxHZT7E6bvVbR52V3_w4ytfytIzsGDKH34nAQHBxE6MVjigJ6Ih6QGEFDR4n5CE45sCIw9z6GkMz7A-82OKw:1sHEZU:sR8g8TPpoz82FXQRnqaW76Lq3uuc4DwPmGh3yn-ymIs','2024-06-26 03:22:48.349543');
INSERT INTO django_session VALUES('wstciebdb86ndm82ovqtka2yw8narqlu','.eJxVjDEOwjAMRe-SGUUp1HXCyM4ZKjt2SAElUtNOiLtDpQ6w_vfef5mR1iWPa9N5nMScTWcOvxtTfGjZgNyp3KqNtSzzxHZT7E6bvVbR52V3_w4ytfytIzsGDKH34nAQHBxE6MVjigJ6Ih6QGEFDR4n5CE45sCIw9z6GkMz7A-82OKw:1sHEZh:fkuMAQhzTR9yio4ypa2gT0rj0AbyLkuo2BrgFQFULy0','2024-06-26 03:23:01.867836');
INSERT INTO django_session VALUES('u7nmgfs35wd0zsw6t22ipicszgi3i80c','.eJxVjDEOwjAMRe-SGUUp1HXCyM4ZKjt2SAElUtNOiLtDpQ6w_vfef5mR1iWPa9N5nMScTWcOvxtTfGjZgNyp3KqNtSzzxHZT7E6bvVbR52V3_w4ytfytIzsGDKH34nAQHBxE6MVjigJ6Ih6QGEFDR4n5CE45sCIw9z6GkMz7A-82OKw:1sHEa1:ufny4zw6GyfJhIRnT0vrRoopCQZJcu8j_wfmyrXL2f4','2024-06-26 03:23:21.203044');
INSERT INTO django_session VALUES('0bunhqyarsytyxhdrmpa26plu47w1aj8','.eJxVjDEOwjAMRe-SGUUp1HXCyM4ZKjt2SAElUtNOiLtDpQ6w_vfef5mR1iWPa9N5nMScTWcOvxtTfGjZgNyp3KqNtSzzxHZT7E6bvVbR52V3_w4ytfytIzsGDKH34nAQHBxE6MVjigJ6Ih6QGEFDR4n5CE45sCIw9z6GkMz7A-82OKw:1sHEvx:LCjHfQE-9KdIhVInOBDeQf7SY10FTM9hPqtc_2SbTrk','2024-06-26 03:46:01.491515');
INSERT INTO django_session VALUES('yxab2qn9jdxn32z6c4amr7iabcdt71a0','.eJxVjDEOwjAMRe-SGUUp1HXCyM4ZKjt2SAElUtNOiLtDpQ6w_vfef5mR1iWPa9N5nMScTWcOvxtTfGjZgNyp3KqNtSzzxHZT7E6bvVbR52V3_w4ytfytIzsGDKH34nAQHBxE6MVjigJ6Ih6QGEFDR4n5CE45sCIw9z6GkMz7A-82OKw:1sHGlu:s4sgwjU4hK1DV48sOa_Ggq2WlebR14TIzln1e_GwiWI','2024-06-26 05:43:46.085216');
INSERT INTO django_session VALUES('ailtrl030cxen0uv6e5loxsja69obe9y','.eJxVjEEOwiAQRe_C2hCEsXRcuvcMZAYGqRpISrsy3l2bdKHb_977LxVoXUpYu8xhSuqsjurwuzHFh9QNpDvVW9Ox1WWeWG-K3mnX15bkedndv4NCvXxrS14EMmIWL2NkBBmYgTlH8RjBoDHkyGY0YJw9oXVO2EbwlMdBsnp_AA1ROJ8:1sHf3j:Wvtj118qD811PLpZ6ymky-we5cWEWOXd9JH7AlgHf-4','2024-06-27 07:39:47.234513');
INSERT INTO django_session VALUES('mhmvn9oyga0jngfr1oy7a4rvqps7e7f2','.eJxVjEEOwiAQRe_C2hCEsXRcuvcMZAYGqRpISrsy3l2bdKHb_977LxVoXUpYu8xhSuqsjurwuzHFh9QNpDvVW9Ox1WWeWG-K3mnX15bkedndv4NCvXxrS14EMmIWL2NkBBmYgTlH8RjBoDHkyGY0YJw9oXVO2EbwlMdBsnp_AA1ROJ8:1sI0Et:eh3bZyAsdus-hKHb3G59FZ-0t826uegJB8VFsKtkqtI','2024-06-28 06:16:43.162003');
INSERT INTO django_session VALUES('viqrk0u1wivemw2yojqafhy98pwv3lxu','.eJxVjEEOwiAQRe_C2hCEsXRcuvcMZAYGqRpISrsy3l2bdKHb_977LxVoXUpYu8xhSuqsjurwuzHFh9QNpDvVW9Ox1WWeWG-K3mnX15bkedndv4NCvXxrS14EMmIWL2NkBBmYgTlH8RjBoDHkyGY0YJw9oXVO2EbwlMdBsnp_AA1ROJ8:1sIJDP:-vGMIoEejqZBJVaArulbLbtSSJwnFWUIEYUIUpSAMkc','2024-06-29 02:32:27.290312');
INSERT INTO django_session VALUES('qtubmlxir54arm87wcd22gluo95qkpbn','.eJxVjDsOwjAQBe_iGlmx499S0nMGy_bu4gBypDipEHeHSCmgfTPzXiKmba1x67TECcVZaHH63XIqD2o7wHtqt1mWua3LlOWuyIN2eZ2RnpfD_TuoqddvzZ5cCYaU14CuZNDGG80qjYqRgnJh9IMDBKZseWAwWLR1hBDQAlnx_gDkSzgF:1sIJIK:QabMi47WIPbxOqRTuqWruNd0xQ7nL5Q_1DIidGMyit8','2024-06-29 02:37:32.811176');
INSERT INTO django_session VALUES('6s1u7wjl08ntjs6tlr9l2oagae53uh0s','.eJxVjEEOwiAQRe_C2hCEsXRcuvcMZAYGqRpISrsy3l2bdKHb_977LxVoXUpYu8xhSuqsjurwuzHFh9QNpDvVW9Ox1WWeWG-K3mnX15bkedndv4NCvXxrS14EMmIWL2NkBBmYgTlH8RjBoDHkyGY0YJw9oXVO2EbwlMdBsnp_AA1ROJ8:1sIJiZ:GxiA-Mm6gKAsBtxxyjes3ul3puMG8xbGWOn5-aUU6Yo','2024-06-29 03:04:39.810836');
INSERT INTO django_session VALUES('th9vci4wisv5wb7wjhrp4d5mi6ffb6qh','.eJxVjEEOwiAQRe_C2hCEsXRcuvcMZAYGqRpISrsy3l2bdKHb_977LxVoXUpYu8xhSuqsjurwuzHFh9QNpDvVW9Ox1WWeWG-K3mnX15bkedndv4NCvXxrS14EMmIWL2NkBBmYgTlH8RjBoDHkyGY0YJw9oXVO2EbwlMdBsnp_AA1ROJ8:1sIJsj:P8u--7Qi11MaoZxYhR_hkn7Q0BlFhvyQjWzPg4gwn2U','2024-06-29 03:15:09.817172');
INSERT INTO django_session VALUES('iiehlxe1tfiwma6inh6l30q804ae291a','.eJxVjEEOwiAQRe_C2hCEsXRcuvcMZAYGqRpISrsy3l2bdKHb_977LxVoXUpYu8xhSuqsjurwuzHFh9QNpDvVW9Ox1WWeWG-K3mnX15bkedndv4NCvXxrS14EMmIWL2NkBBmYgTlH8RjBoDHkyGY0YJw9oXVO2EbwlMdBsnp_AA1ROJ8:1sIJto:4grMh9l2EWhf7PLgHzV0bAF9z013O23-DLptxZA9tvs','2024-06-29 03:16:16.269777');
INSERT INTO django_session VALUES('k5fdgt9etgixismfhiwv04vv65yab3at','.eJxVjEEOwiAQRe_C2hCEsXRcuvcMZAYGqRpISrsy3l2bdKHb_977LxVoXUpYu8xhSuqsjurwuzHFh9QNpDvVW9Ox1WWeWG-K3mnX15bkedndv4NCvXxrS14EMmIWL2NkBBmYgTlH8RjBoDHkyGY0YJw9oXVO2EbwlMdBsnp_AA1ROJ8:1sIJtz:QfheRvB8cTFUhvhDT5YmSSmIdswdo-20AR1OKWzzA28','2024-06-29 03:16:27.488626');
INSERT INTO django_session VALUES('grpjp0zoh8aylimnj36p3voy9lt5q3c3','.eJxVjDsOwjAQBe_iGlmx499S0nMGy_bu4gBypDipEHeHSCmgfTPzXiKmba1x67TECcVZaHH63XIqD2o7wHtqt1mWua3LlOWuyIN2eZ2RnpfD_TuoqddvzZ5cCYaU14CuZNDGG80qjYqRgnJh9IMDBKZseWAwWLR1hBDQAlnx_gDkSzgF:1sIK20:KqrBDHaW17q-mtJQTlOFwDQskkJv8oqgj1_1EBusBZ8','2024-06-29 03:24:44.150338');
INSERT INTO django_session VALUES('cg6ta3bdq85u7po2x0pbfjbtxghsbudu','.eJxVjEEOwiAQRe_C2hCEsXRcuvcMZAYGqRpISrsy3l2bdKHb_977LxVoXUpYu8xhSuqsjurwuzHFh9QNpDvVW9Ox1WWeWG-K3mnX15bkedndv4NCvXxrS14EMmIWL2NkBBmYgTlH8RjBoDHkyGY0YJw9oXVO2EbwlMdBsnp_AA1ROJ8:1sIK6D:3C7J83xCjYIRBga1Po8p51TLGfMwX5k_2ehgeRzfBgo','2024-06-29 03:29:05.738907');
INSERT INTO django_session VALUES('1lpxz0zne7x9btn78hf9shkk5pa2dths','.eJxVjEEOwiAQRe_C2hCEsXRcuvcMZAYGqRpISrsy3l2bdKHb_977LxVoXUpYu8xhSuqsjurwuzHFh9QNpDvVW9Ox1WWeWG-K3mnX15bkedndv4NCvXxrS14EMmIWL2NkBBmYgTlH8RjBoDHkyGY0YJw9oXVO2EbwlMdBsnp_AA1ROJ8:1sIK6h:lvZEEqrHQAZZbjUAWIhvZ56LNszha2PUj2NX6_27w9g','2024-06-29 03:29:35.193446');
CREATE TABLE IF NOT EXISTS "schedule_instructor" ("id" integer NOT NULL PRIMARY KEY AUTOINCREMENT, "bio" text NOT NULL, "user_id" integer NOT NULL UNIQUE REFERENCES "auth_user" ("id") DEFERRABLE INITIALLY DEFERRED, "user_image" varchar(100) NOT NULL);
INSERT INTO schedule_instructor VALUES(1,'I''m admin',1,'image/couch4.jpg');
INSERT INTO schedule_instructor VALUES(2,'Im felix',3,'image/couch3.jpg');
INSERT INTO schedule_instructor VALUES(3,'Im mike',2,'image/couch2.jpg');
INSERT INTO schedule_instructor VALUES(4,'Im steven',4,'image/couch1.jpg');
DELETE FROM sqlite_sequence;
INSERT INTO sqlite_sequence VALUES('django_migrations',23);
INSERT INTO sqlite_sequence VALUES('django_admin_log',40);
INSERT INTO sqlite_sequence VALUES('django_content_type',10);
INSERT INTO sqlite_sequence VALUES('auth_permission',40);
INSERT INTO sqlite_sequence VALUES('auth_group',0);
INSERT INTO sqlite_sequence VALUES('auth_user',4);
INSERT INTO sqlite_sequence VALUES('posts_post',5);
INSERT INTO sqlite_sequence VALUES('schedule_classes',4);
INSERT INTO sqlite_sequence VALUES('schedule_schedule',15);
INSERT INTO sqlite_sequence VALUES('schedule_schedule_enrolled_participants',31);
INSERT INTO sqlite_sequence VALUES('schedule_instructor',4);
CREATE UNIQUE INDEX "auth_group_permissions_group_id_permission_id_0cd325b0_uniq" ON "auth_group_permissions" ("group_id", "permission_id");
CREATE INDEX "auth_group_permissions_group_id_b120cbf9" ON "auth_group_permissions" ("group_id");
CREATE INDEX "auth_group_permissions_permission_id_84c5c92e" ON "auth_group_permissions" ("permission_id");
CREATE UNIQUE INDEX "auth_user_groups_user_id_group_id_94350c0c_uniq" ON "auth_user_groups" ("user_id", "group_id");
CREATE INDEX "auth_user_groups_user_id_6a12ed8b" ON "auth_user_groups" ("user_id");
CREATE INDEX "auth_user_groups_group_id_97559544" ON "auth_user_groups" ("group_id");
CREATE UNIQUE INDEX "auth_user_user_permissions_user_id_permission_id_14a6b632_uniq" ON "auth_user_user_permissions" ("user_id", "permission_id");
CREATE INDEX "auth_user_user_permissions_user_id_a95ead1b" ON "auth_user_user_permissions" ("user_id");
CREATE INDEX "auth_user_user_permissions_permission_id_1fbb5f2c" ON "auth_user_user_permissions" ("permission_id");
CREATE INDEX "django_admin_log_content_type_id_c4bce8eb" ON "django_admin_log" ("content_type_id");
CREATE INDEX "django_admin_log_user_id_c564eba6" ON "django_admin_log" ("user_id");
CREATE UNIQUE INDEX "django_content_type_app_label_model_76bd3d3b_uniq" ON "django_content_type" ("app_label", "model");
CREATE UNIQUE INDEX "auth_permission_content_type_id_codename_01ab375a_uniq" ON "auth_permission" ("content_type_id", "codename");
CREATE INDEX "auth_permission_content_type_id_2f476e4b" ON "auth_permission" ("content_type_id");
CREATE INDEX "schedule_schedule_class_instance_id_f26a3123" ON "schedule_schedule" ("class_instance_id");
CREATE UNIQUE INDEX "schedule_schedule_enrolled_participants_schedule_id_user_id_4d9560f8_uniq" ON "schedule_schedule_enrolled_participants" ("schedule_id", "user_id");
CREATE INDEX "schedule_schedule_enrolled_participants_schedule_id_ebef7291" ON "schedule_schedule_enrolled_participants" ("schedule_id");
CREATE INDEX "schedule_schedule_enrolled_participants_user_id_f677514c" ON "schedule_schedule_enrolled_participants" ("user_id");
CREATE INDEX "schedule_classes_instructor_id_d467b4ad" ON "schedule_classes" ("instructor_id");
CREATE INDEX "django_session_expire_date_a5c62663" ON "django_session" ("expire_date");
COMMIT;
